[
{
    "fields": {
        "clipboard": 1,
        "user": 1,
        "language": "en"
    },
    "model": "cms.usersettings",
    "pk": 1
},
{
    "fields": {
        "slot": "clipboard",
        "default_width": null
    },
    "model": "cms.placeholder",
    "pk": 1
},
{
    "fields": {
        "slot": "aux",
        "default_width": null
    },
    "model": "cms.placeholder",
    "pk": 2
},
{
    "fields": {
        "slot": "footer",
        "default_width": null
    },
    "model": "cms.placeholder",
    "pk": 3
},
{
    "fields": {
        "slot": "main",
        "default_width": null
    },
    "model": "cms.placeholder",
    "pk": 4
},
{
    "fields": {
        "slot": "aux",
        "default_width": null
    },
    "model": "cms.placeholder",
    "pk": 5
},
{
    "fields": {
        "slot": "footer",
        "default_width": null
    },
    "model": "cms.placeholder",
    "pk": 6
},
{
    "fields": {
        "slot": "main",
        "default_width": null
    },
    "model": "cms.placeholder",
    "pk": 7
},
{
    "fields": {
        "slot": "aux",
        "default_width": null
    },
    "model": "cms.placeholder",
    "pk": 8
},
{
    "fields": {
        "slot": "footer",
        "default_width": null
    },
    "model": "cms.placeholder",
    "pk": 9
},
{
    "fields": {
        "slot": "main",
        "default_width": null
    },
    "model": "cms.placeholder",
    "pk": 10
},
{
    "fields": {
        "slot": "aux",
        "default_width": null
    },
    "model": "cms.placeholder",
    "pk": 26
},
{
    "fields": {
        "slot": "footer",
        "default_width": null
    },
    "model": "cms.placeholder",
    "pk": 27
},
{
    "fields": {
        "slot": "main",
        "default_width": null
    },
    "model": "cms.placeholder",
    "pk": 28
},
{
    "fields": {
        "slot": "aux",
        "default_width": null
    },
    "model": "cms.placeholder",
    "pk": 29
},
{
    "fields": {
        "slot": "footer",
        "default_width": null
    },
    "model": "cms.placeholder",
    "pk": 30
},
{
    "fields": {
        "slot": "main",
        "default_width": null
    },
    "model": "cms.placeholder",
    "pk": 31
},
{
    "fields": {
        "slot": "aux",
        "default_width": null
    },
    "model": "cms.placeholder",
    "pk": 32
},
{
    "fields": {
        "slot": "footer",
        "default_width": null
    },
    "model": "cms.placeholder",
    "pk": 33
},
{
    "fields": {
        "slot": "main",
        "default_width": null
    },
    "model": "cms.placeholder",
    "pk": 34
},
{
    "fields": {
        "slot": "aux",
        "default_width": null
    },
    "model": "cms.placeholder",
    "pk": 35
},
{
    "fields": {
        "slot": "footer",
        "default_width": null
    },
    "model": "cms.placeholder",
    "pk": 36
},
{
    "fields": {
        "slot": "main",
        "default_width": null
    },
    "model": "cms.placeholder",
    "pk": 37
},
{
    "fields": {
        "slot": "aux",
        "default_width": null
    },
    "model": "cms.placeholder",
    "pk": 38
},
{
    "fields": {
        "slot": "footer",
        "default_width": null
    },
    "model": "cms.placeholder",
    "pk": 39
},
{
    "fields": {
        "slot": "main",
        "default_width": null
    },
    "model": "cms.placeholder",
    "pk": 40
},
{
    "fields": {
        "slot": "aux",
        "default_width": null
    },
    "model": "cms.placeholder",
    "pk": 41
},
{
    "fields": {
        "slot": "footer",
        "default_width": null
    },
    "model": "cms.placeholder",
    "pk": 42
},
{
    "fields": {
        "slot": "main",
        "default_width": null
    },
    "model": "cms.placeholder",
    "pk": 43
},
{
    "fields": {
        "slot": "aux",
        "default_width": null
    },
    "model": "cms.placeholder",
    "pk": 44
},
{
    "fields": {
        "slot": "footer",
        "default_width": null
    },
    "model": "cms.placeholder",
    "pk": 45
},
{
    "fields": {
        "slot": "main",
        "default_width": null
    },
    "model": "cms.placeholder",
    "pk": 46
},
{
    "fields": {
        "slot": "aux",
        "default_width": null
    },
    "model": "cms.placeholder",
    "pk": 47
},
{
    "fields": {
        "slot": "footer",
        "default_width": null
    },
    "model": "cms.placeholder",
    "pk": 48
},
{
    "fields": {
        "slot": "main",
        "default_width": null
    },
    "model": "cms.placeholder",
    "pk": 49
},
{
    "fields": {
        "slot": "aux",
        "default_width": null
    },
    "model": "cms.placeholder",
    "pk": 50
},
{
    "fields": {
        "slot": "footer",
        "default_width": null
    },
    "model": "cms.placeholder",
    "pk": 51
},
{
    "fields": {
        "slot": "main",
        "default_width": null
    },
    "model": "cms.placeholder",
    "pk": 52
},
{
    "fields": {
        "slot": "aux",
        "default_width": null
    },
    "model": "cms.placeholder",
    "pk": 53
},
{
    "fields": {
        "slot": "footer",
        "default_width": null
    },
    "model": "cms.placeholder",
    "pk": 54
},
{
    "fields": {
        "slot": "main",
        "default_width": null
    },
    "model": "cms.placeholder",
    "pk": 55
},
{
    "fields": {
        "slot": "aux",
        "default_width": null
    },
    "model": "cms.placeholder",
    "pk": 56
},
{
    "fields": {
        "slot": "footer",
        "default_width": null
    },
    "model": "cms.placeholder",
    "pk": 57
},
{
    "fields": {
        "slot": "main",
        "default_width": null
    },
    "model": "cms.placeholder",
    "pk": 58
},
{
    "fields": {
        "slot": "aux",
        "default_width": null
    },
    "model": "cms.placeholder",
    "pk": 59
},
{
    "fields": {
        "slot": "footer",
        "default_width": null
    },
    "model": "cms.placeholder",
    "pk": 60
},
{
    "fields": {
        "slot": "main",
        "default_width": null
    },
    "model": "cms.placeholder",
    "pk": 61
},
{
    "fields": {
        "slot": "aux",
        "default_width": null
    },
    "model": "cms.placeholder",
    "pk": 62
},
{
    "fields": {
        "slot": "footer",
        "default_width": null
    },
    "model": "cms.placeholder",
    "pk": 63
},
{
    "fields": {
        "slot": "main",
        "default_width": null
    },
    "model": "cms.placeholder",
    "pk": 64
},
{
    "fields": {
        "slot": "aux",
        "default_width": null
    },
    "model": "cms.placeholder",
    "pk": 65
},
{
    "fields": {
        "slot": "footer",
        "default_width": null
    },
    "model": "cms.placeholder",
    "pk": 66
},
{
    "fields": {
        "slot": "main",
        "default_width": null
    },
    "model": "cms.placeholder",
    "pk": 67
},
{
    "fields": {
        "slot": "aux",
        "default_width": null
    },
    "model": "cms.placeholder",
    "pk": 68
},
{
    "fields": {
        "slot": "footer",
        "default_width": null
    },
    "model": "cms.placeholder",
    "pk": 69
},
{
    "fields": {
        "slot": "main",
        "default_width": null
    },
    "model": "cms.placeholder",
    "pk": 70
},
{
    "fields": {
        "slot": "aux",
        "default_width": null
    },
    "model": "cms.placeholder",
    "pk": 71
},
{
    "fields": {
        "slot": "footer",
        "default_width": null
    },
    "model": "cms.placeholder",
    "pk": 72
},
{
    "fields": {
        "slot": "main",
        "default_width": null
    },
    "model": "cms.placeholder",
    "pk": 73
},
{
    "fields": {
        "slot": "aux",
        "default_width": null
    },
    "model": "cms.placeholder",
    "pk": 74
},
{
    "fields": {
        "slot": "footer",
        "default_width": null
    },
    "model": "cms.placeholder",
    "pk": 75
},
{
    "fields": {
        "slot": "main",
        "default_width": null
    },
    "model": "cms.placeholder",
    "pk": 76
},
{
    "fields": {
        "slot": "aux",
        "default_width": null
    },
    "model": "cms.placeholder",
    "pk": 77
},
{
    "fields": {
        "slot": "footer",
        "default_width": null
    },
    "model": "cms.placeholder",
    "pk": 78
},
{
    "fields": {
        "slot": "main",
        "default_width": null
    },
    "model": "cms.placeholder",
    "pk": 79
},
{
    "fields": {
        "slot": "aux",
        "default_width": null
    },
    "model": "cms.placeholder",
    "pk": 80
},
{
    "fields": {
        "slot": "footer",
        "default_width": null
    },
    "model": "cms.placeholder",
    "pk": 81
},
{
    "fields": {
        "slot": "main",
        "default_width": null
    },
    "model": "cms.placeholder",
    "pk": 82
},
{
    "fields": {
        "slot": "aux",
        "default_width": null
    },
    "model": "cms.placeholder",
    "pk": 83
},
{
    "fields": {
        "slot": "footer",
        "default_width": null
    },
    "model": "cms.placeholder",
    "pk": 84
},
{
    "fields": {
        "slot": "main",
        "default_width": null
    },
    "model": "cms.placeholder",
    "pk": 85
},
{
    "fields": {
        "slot": "aux",
        "default_width": null
    },
    "model": "cms.placeholder",
    "pk": 86
},
{
    "fields": {
        "slot": "footer",
        "default_width": null
    },
    "model": "cms.placeholder",
    "pk": 87
},
{
    "fields": {
        "slot": "main",
        "default_width": null
    },
    "model": "cms.placeholder",
    "pk": 88
},
{
    "fields": {
        "slot": "aux",
        "default_width": null
    },
    "model": "cms.placeholder",
    "pk": 89
},
{
    "fields": {
        "slot": "footer",
        "default_width": null
    },
    "model": "cms.placeholder",
    "pk": 90
},
{
    "fields": {
        "slot": "main",
        "default_width": null
    },
    "model": "cms.placeholder",
    "pk": 91
},
{
    "fields": {
        "slot": "aux",
        "default_width": null
    },
    "model": "cms.placeholder",
    "pk": 92
},
{
    "fields": {
        "slot": "footer",
        "default_width": null
    },
    "model": "cms.placeholder",
    "pk": 93
},
{
    "fields": {
        "slot": "main",
        "default_width": null
    },
    "model": "cms.placeholder",
    "pk": 94
},
{
    "fields": {
        "slot": "aux",
        "default_width": null
    },
    "model": "cms.placeholder",
    "pk": 95
},
{
    "fields": {
        "slot": "footer",
        "default_width": null
    },
    "model": "cms.placeholder",
    "pk": 96
},
{
    "fields": {
        "slot": "main",
        "default_width": null
    },
    "model": "cms.placeholder",
    "pk": 97
},
{
    "fields": {
        "slot": "aux",
        "default_width": null
    },
    "model": "cms.placeholder",
    "pk": 98
},
{
    "fields": {
        "slot": "footer",
        "default_width": null
    },
    "model": "cms.placeholder",
    "pk": 99
},
{
    "fields": {
        "slot": "main",
        "default_width": null
    },
    "model": "cms.placeholder",
    "pk": 100
},
{
    "fields": {
        "slot": "aux",
        "default_width": null
    },
    "model": "cms.placeholder",
    "pk": 101
},
{
    "fields": {
        "slot": "footer",
        "default_width": null
    },
    "model": "cms.placeholder",
    "pk": 102
},
{
    "fields": {
        "slot": "main",
        "default_width": null
    },
    "model": "cms.placeholder",
    "pk": 103
},
{
    "fields": {
        "slot": "aux",
        "default_width": null
    },
    "model": "cms.placeholder",
    "pk": 104
},
{
    "fields": {
        "slot": "footer",
        "default_width": null
    },
    "model": "cms.placeholder",
    "pk": 105
},
{
    "fields": {
        "slot": "main",
        "default_width": null
    },
    "model": "cms.placeholder",
    "pk": 106
},
{
    "fields": {
        "slot": "aux",
        "default_width": null
    },
    "model": "cms.placeholder",
    "pk": 107
},
{
    "fields": {
        "slot": "footer",
        "default_width": null
    },
    "model": "cms.placeholder",
    "pk": 108
},
{
    "fields": {
        "slot": "main",
        "default_width": null
    },
    "model": "cms.placeholder",
    "pk": 109
},
{
    "fields": {
        "slot": "aux",
        "default_width": null
    },
    "model": "cms.placeholder",
    "pk": 110
},
{
    "fields": {
        "slot": "footer",
        "default_width": null
    },
    "model": "cms.placeholder",
    "pk": 111
},
{
    "fields": {
        "slot": "main",
        "default_width": null
    },
    "model": "cms.placeholder",
    "pk": 112
},
{
    "fields": {
        "slot": "aux",
        "default_width": null
    },
    "model": "cms.placeholder",
    "pk": 113
},
{
    "fields": {
        "slot": "footer",
        "default_width": null
    },
    "model": "cms.placeholder",
    "pk": 114
},
{
    "fields": {
        "slot": "main",
        "default_width": null
    },
    "model": "cms.placeholder",
    "pk": 115
},
{
    "fields": {
        "slot": "aux",
        "default_width": null
    },
    "model": "cms.placeholder",
    "pk": 116
},
{
    "fields": {
        "slot": "footer",
        "default_width": null
    },
    "model": "cms.placeholder",
    "pk": 117
},
{
    "fields": {
        "slot": "main",
        "default_width": null
    },
    "model": "cms.placeholder",
    "pk": 118
},
{
    "fields": {
        "slot": "sidebar",
        "default_width": null
    },
    "model": "cms.placeholder",
    "pk": 119
},
{
    "fields": {
        "slot": "sidebar",
        "default_width": null
    },
    "model": "cms.placeholder",
    "pk": 120
},
{
    "fields": {
        "slot": "sidebar",
        "default_width": null
    },
    "model": "cms.placeholder",
    "pk": 121
},
{
    "fields": {
        "slot": "sidebar",
        "default_width": null
    },
    "model": "cms.placeholder",
    "pk": 122
},
{
    "fields": {
        "slot": "footer",
        "default_width": null
    },
    "model": "cms.placeholder",
    "pk": 123
},
{
    "fields": {
        "slot": "main",
        "default_width": null
    },
    "model": "cms.placeholder",
    "pk": 124
},
{
    "fields": {
        "slot": "sidebar",
        "default_width": null
    },
    "model": "cms.placeholder",
    "pk": 125
},
{
    "fields": {
        "slot": "footer",
        "default_width": null
    },
    "model": "cms.placeholder",
    "pk": 126
},
{
    "fields": {
        "slot": "main",
        "default_width": null
    },
    "model": "cms.placeholder",
    "pk": 127
},
{
    "fields": {
        "slot": "sidebar",
        "default_width": null
    },
    "model": "cms.placeholder",
    "pk": 128
},
{
    "fields": {
        "slot": "sidebar",
        "default_width": null
    },
    "model": "cms.placeholder",
    "pk": 129
},
{
    "fields": {
        "slot": "sidebar",
        "default_width": null
    },
    "model": "cms.placeholder",
    "pk": 130
},
{
    "fields": {
        "slot": "sidebar",
        "default_width": null
    },
    "model": "cms.placeholder",
    "pk": 131
},
{
    "fields": {
        "slot": "sidebar",
        "default_width": null
    },
    "model": "cms.placeholder",
    "pk": 132
},
{
    "fields": {
        "slot": "sidebar",
        "default_width": null
    },
    "model": "cms.placeholder",
    "pk": 133
},
{
    "fields": {
        "slot": "sidebar",
        "default_width": null
    },
    "model": "cms.placeholder",
    "pk": 134
},
{
    "fields": {
        "slot": "sidebar",
        "default_width": null
    },
    "model": "cms.placeholder",
    "pk": 135
},
{
    "fields": {
        "slot": "sidebar",
        "default_width": null
    },
    "model": "cms.placeholder",
    "pk": 136
},
{
    "fields": {
        "slot": "sidebar",
        "default_width": null
    },
    "model": "cms.placeholder",
    "pk": 137
},
{
    "fields": {
        "slot": "sidebar",
        "default_width": null
    },
    "model": "cms.placeholder",
    "pk": 138
},
{
    "fields": {
        "changed_date": "2015-11-09T16:30:49.359",
        "language": "en",
        "parent": null,
        "numchild": 0,
        "creation_date": "2015-10-18T17:43:21.128",
        "depth": 1,
        "position": 0,
        "path": "0001",
        "placeholder": 4,
        "plugin_type": "TextPlugin"
    },
    "model": "cms.cmsplugin",
    "pk": 1
},
{
    "fields": {
        "changed_date": "2015-10-19T10:11:23.489",
        "language": "en",
        "parent": null,
        "numchild": 0,
        "creation_date": "2015-10-19T10:11:21.206",
        "depth": 1,
        "position": 0,
        "path": "0003",
        "placeholder": 2,
        "plugin_type": "PlatformStatisticsPlugin"
    },
    "model": "cms.cmsplugin",
    "pk": 4
},
{
    "fields": {
        "changed_date": "2015-11-09T16:30:55.351",
        "language": "en",
        "parent": null,
        "numchild": 0,
        "creation_date": "2015-10-19T10:11:21.206",
        "depth": 1,
        "position": 0,
        "path": "0004",
        "placeholder": 5,
        "plugin_type": "PlatformStatisticsPlugin"
    },
    "model": "cms.cmsplugin",
    "pk": 13
},
{
    "fields": {
        "changed_date": "2015-11-09T16:30:55.383",
        "language": "en",
        "parent": null,
        "numchild": 0,
        "creation_date": "2015-10-18T17:43:21.128",
        "depth": 1,
        "position": 0,
        "path": "0005",
        "placeholder": 7,
        "plugin_type": "TextPlugin"
    },
    "model": "cms.cmsplugin",
    "pk": 14
},
{
    "fields": {
        "navigation_extenders": null,
        "site": 1,
        "application_namespace": null,
        "path": "0001",
        "in_navigation": false,
        "reverse_id": null,
        "login_required": false,
        "created_by": "root",
        "languages": "en",
        "publication_end_date": null,
        "template": "_templates/home.html",
        "placeholders": [
            2,
            3,
            4,
            121
        ],
        "changed_date": "2015-11-09T16:30:55.812",
        "limit_visibility_in_menu": null,
        "parent": null,
        "numchild": 0,
        "soft_root": false,
        "is_home": true,
        "publication_date": "2015-10-17T17:31:00.269",
        "creation_date": "2015-10-17T17:30:59.931",
        "publisher_public": 10,
        "application_urls": null,
        "changed_by": "root",
        "publisher_is_draft": true,
        "xframe_options": 0,
        "depth": 1,
        "revision_id": 0
    },
    "model": "cms.page",
    "pk": 9
},
{
    "fields": {
        "navigation_extenders": null,
        "site": 1,
        "application_namespace": null,
        "path": "0002",
        "in_navigation": false,
        "reverse_id": null,
        "login_required": false,
        "created_by": "root",
        "languages": "en",
        "publication_end_date": null,
        "template": "_templates/home.html",
        "placeholders": [
            5,
            6,
            7,
            120
        ],
        "changed_date": "2015-11-09T16:30:55.512",
        "limit_visibility_in_menu": null,
        "parent": null,
        "numchild": 0,
        "soft_root": false,
        "is_home": true,
        "publication_date": "2015-10-17T17:31:00.269",
        "creation_date": "2015-10-17T17:31:00.284",
        "publisher_public": 9,
        "application_urls": null,
        "changed_by": "root",
        "publisher_is_draft": false,
        "xframe_options": 0,
        "depth": 1,
        "revision_id": 0
    },
    "model": "cms.page",
    "pk": 10
},
{
    "fields": {
        "navigation_extenders": "ProfileMenu",
        "site": 1,
        "application_namespace": null,
        "path": "00050001",
        "in_navigation": true,
        "reverse_id": null,
        "login_required": false,
        "created_by": "root",
        "languages": "en",
        "publication_end_date": null,
        "template": "INHERIT",
        "placeholders": [
            8,
            9,
            10,
            130
        ],
        "changed_date": "2015-11-09T16:15:31.388",
        "limit_visibility_in_menu": null,
        "parent": 38,
        "numchild": 0,
        "soft_root": false,
        "is_home": false,
        "publication_date": "2015-10-17T17:41:14.639",
        "creation_date": "2015-10-17T17:31:32.892",
        "publisher_public": 17,
        "application_urls": "ProfileApp",
        "changed_by": "root",
        "publisher_is_draft": true,
        "xframe_options": 0,
        "depth": 2,
        "revision_id": 0
    },
    "model": "cms.page",
    "pk": 11
},
{
    "fields": {
        "navigation_extenders": "ProfileMenu",
        "site": 1,
        "application_namespace": null,
        "path": "00030001",
        "in_navigation": true,
        "reverse_id": null,
        "login_required": false,
        "created_by": "root",
        "languages": "en",
        "publication_end_date": null,
        "template": "INHERIT",
        "placeholders": [
            26,
            27,
            28,
            131
        ],
        "changed_date": "2015-11-09T16:15:31.213",
        "limit_visibility_in_menu": null,
        "parent": 39,
        "numchild": 0,
        "soft_root": false,
        "is_home": false,
        "publication_date": "2015-10-17T17:41:14.639",
        "creation_date": "2015-10-17T17:41:14.662",
        "publisher_public": 11,
        "application_urls": "ProfileApp",
        "changed_by": "root",
        "publisher_is_draft": false,
        "xframe_options": 0,
        "depth": 2,
        "revision_id": 0
    },
    "model": "cms.page",
    "pk": 17
},
{
    "fields": {
        "navigation_extenders": "",
        "site": 1,
        "application_namespace": null,
        "path": "0006",
        "in_navigation": true,
        "reverse_id": null,
        "login_required": false,
        "created_by": "root",
        "languages": "en",
        "publication_end_date": null,
        "template": "INHERIT",
        "placeholders": [
            29,
            30,
            31,
            119
        ],
        "changed_date": "2015-11-09T16:29:07.760",
        "limit_visibility_in_menu": null,
        "parent": null,
        "numchild": 4,
        "soft_root": false,
        "is_home": false,
        "publication_date": "2015-10-17T18:00:30.191",
        "creation_date": "2015-10-17T18:00:24.210",
        "publisher_public": 19,
        "application_urls": "",
        "changed_by": "root",
        "publisher_is_draft": true,
        "xframe_options": 0,
        "depth": 1,
        "revision_id": 0
    },
    "model": "cms.page",
    "pk": 18
},
{
    "fields": {
        "navigation_extenders": "",
        "site": 1,
        "application_namespace": null,
        "path": "0007",
        "in_navigation": true,
        "reverse_id": null,
        "login_required": false,
        "created_by": "root",
        "languages": "en",
        "publication_end_date": null,
        "template": "INHERIT",
        "placeholders": [
            32,
            33,
            34,
            133
        ],
        "changed_date": "2015-11-09T16:29:07.344",
        "limit_visibility_in_menu": null,
        "parent": null,
        "numchild": 4,
        "soft_root": false,
        "is_home": false,
        "publication_date": "2015-10-17T18:00:30.191",
        "creation_date": "2015-10-17T18:00:30.212",
        "publisher_public": 18,
        "application_urls": "",
        "changed_by": "root",
        "publisher_is_draft": false,
        "xframe_options": 0,
        "depth": 1,
        "revision_id": 0
    },
    "model": "cms.page",
    "pk": 19
},
{
    "fields": {
        "navigation_extenders": "",
        "site": 1,
        "application_namespace": null,
        "path": "00060003",
        "in_navigation": true,
        "reverse_id": null,
        "login_required": false,
        "created_by": "root",
        "languages": "en",
        "publication_end_date": null,
        "template": "INHERIT",
        "placeholders": [
            35,
            36,
            37,
            134
        ],
        "changed_date": "2015-11-09T16:29:18.384",
        "limit_visibility_in_menu": null,
        "parent": 18,
        "numchild": 4,
        "soft_root": false,
        "is_home": false,
        "publication_date": "2015-10-17T18:01:24.963",
        "creation_date": "2015-10-17T18:01:13.898",
        "publisher_public": 21,
        "application_urls": "",
        "changed_by": "root",
        "publisher_is_draft": true,
        "xframe_options": 0,
        "depth": 2,
        "revision_id": 0
    },
    "model": "cms.page",
    "pk": 20
},
{
    "fields": {
        "navigation_extenders": "",
        "site": 1,
        "application_namespace": null,
        "path": "00070003",
        "in_navigation": true,
        "reverse_id": null,
        "login_required": false,
        "created_by": "root",
        "languages": "en",
        "publication_end_date": null,
        "template": "INHERIT",
        "placeholders": [
            38,
            39,
            40
        ],
        "changed_date": "2015-10-18T17:32:05.049",
        "limit_visibility_in_menu": null,
        "parent": 19,
        "numchild": 4,
        "soft_root": false,
        "is_home": false,
        "publication_date": "2015-10-17T18:01:24.963",
        "creation_date": "2015-10-17T18:01:24.978",
        "publisher_public": 20,
        "application_urls": "",
        "changed_by": "root",
        "publisher_is_draft": false,
        "xframe_options": 0,
        "depth": 2,
        "revision_id": 0
    },
    "model": "cms.page",
    "pk": 21
},
{
    "fields": {
        "navigation_extenders": "ReleaseMenu",
        "site": 1,
        "application_namespace": null,
        "path": "000600030001",
        "in_navigation": true,
        "reverse_id": null,
        "login_required": false,
        "created_by": "root",
        "languages": "en",
        "publication_end_date": null,
        "template": "INHERIT",
        "placeholders": [
            41,
            42,
            43
        ],
        "changed_date": "2015-10-17T18:02:09.527",
        "limit_visibility_in_menu": null,
        "parent": 20,
        "numchild": 0,
        "soft_root": false,
        "is_home": false,
        "publication_date": "2015-10-17T18:02:09.257",
        "creation_date": "2015-10-17T18:01:51.298",
        "publisher_public": 23,
        "application_urls": "ReleaseApp",
        "changed_by": "root",
        "publisher_is_draft": true,
        "xframe_options": 0,
        "depth": 3,
        "revision_id": 0
    },
    "model": "cms.page",
    "pk": 22
},
{
    "fields": {
        "navigation_extenders": "ReleaseMenu",
        "site": 1,
        "application_namespace": null,
        "path": "000700030001",
        "in_navigation": true,
        "reverse_id": null,
        "login_required": false,
        "created_by": "root",
        "languages": "en",
        "publication_end_date": null,
        "template": "INHERIT",
        "placeholders": [
            44,
            45,
            46
        ],
        "changed_date": "2015-10-17T18:02:09.444",
        "limit_visibility_in_menu": null,
        "parent": 21,
        "numchild": 0,
        "soft_root": false,
        "is_home": false,
        "publication_date": "2015-10-17T18:02:09.257",
        "creation_date": "2015-10-17T18:02:09.272",
        "publisher_public": 22,
        "application_urls": "ReleaseApp",
        "changed_by": "root",
        "publisher_is_draft": false,
        "xframe_options": 0,
        "depth": 3,
        "revision_id": 0
    },
    "model": "cms.page",
    "pk": 23
},
{
    "fields": {
        "navigation_extenders": "PlaylistMenu",
        "site": 1,
        "application_namespace": null,
        "path": "00060005",
        "in_navigation": true,
        "reverse_id": null,
        "login_required": false,
        "created_by": "root",
        "languages": "en",
        "publication_end_date": null,
        "template": "INHERIT",
        "placeholders": [
            47,
            48,
            49
        ],
        "changed_date": "2015-10-18T15:37:29.131",
        "limit_visibility_in_menu": null,
        "parent": 18,
        "numchild": 0,
        "soft_root": false,
        "is_home": false,
        "publication_date": "2015-10-17T18:22:42.178",
        "creation_date": "2015-10-17T18:20:43.043",
        "publisher_public": 27,
        "application_urls": "PlaylistApp",
        "changed_by": "root",
        "publisher_is_draft": true,
        "xframe_options": 0,
        "depth": 2,
        "revision_id": 0
    },
    "model": "cms.page",
    "pk": 24
},
{
    "fields": {
        "navigation_extenders": "ImportMenu",
        "site": 1,
        "application_namespace": null,
        "path": "00060006",
        "in_navigation": true,
        "reverse_id": null,
        "login_required": false,
        "created_by": "root",
        "languages": "en",
        "publication_end_date": null,
        "template": "INHERIT",
        "placeholders": [
            50,
            51,
            52
        ],
        "changed_date": "2015-10-18T15:37:31.441",
        "limit_visibility_in_menu": null,
        "parent": 18,
        "numchild": 0,
        "soft_root": false,
        "is_home": false,
        "publication_date": "2015-10-17T18:23:01.505",
        "creation_date": "2015-10-17T18:21:09.411",
        "publisher_public": 28,
        "application_urls": "ImportApp",
        "changed_by": "root",
        "publisher_is_draft": true,
        "xframe_options": 0,
        "depth": 2,
        "revision_id": 0
    },
    "model": "cms.page",
    "pk": 25
},
{
    "fields": {
        "navigation_extenders": "ExportMenu",
        "site": 1,
        "application_namespace": null,
        "path": "00060007",
        "in_navigation": true,
        "reverse_id": null,
        "login_required": false,
        "created_by": "root",
        "languages": "en",
        "publication_end_date": null,
        "template": "INHERIT",
        "placeholders": [
            53,
            54,
            55
        ],
        "changed_date": "2015-10-17T18:28:02.103",
        "limit_visibility_in_menu": null,
        "parent": 18,
        "numchild": 0,
        "soft_root": false,
        "is_home": false,
        "publication_date": "2015-10-17T18:23:12.367",
        "creation_date": "2015-10-17T18:21:38.029",
        "publisher_public": 29,
        "application_urls": "ExportApp",
        "changed_by": "root",
        "publisher_is_draft": true,
        "xframe_options": 0,
        "depth": 2,
        "revision_id": 0
    },
    "model": "cms.page",
    "pk": 26
},
{
    "fields": {
        "navigation_extenders": "PlaylistMenu",
        "site": 1,
        "application_namespace": null,
        "path": "00070005",
        "in_navigation": true,
        "reverse_id": null,
        "login_required": false,
        "created_by": "root",
        "languages": "en",
        "publication_end_date": null,
        "template": "INHERIT",
        "placeholders": [
            56,
            57,
            58
        ],
        "changed_date": "2015-10-18T15:37:29.269",
        "limit_visibility_in_menu": null,
        "parent": 19,
        "numchild": 0,
        "soft_root": false,
        "is_home": false,
        "publication_date": "2015-10-17T18:22:42.178",
        "creation_date": "2015-10-17T18:22:42.207",
        "publisher_public": 24,
        "application_urls": "PlaylistApp",
        "changed_by": "root",
        "publisher_is_draft": false,
        "xframe_options": 0,
        "depth": 2,
        "revision_id": 0
    },
    "model": "cms.page",
    "pk": 27
},
{
    "fields": {
        "navigation_extenders": "ImportMenu",
        "site": 1,
        "application_namespace": null,
        "path": "00070006",
        "in_navigation": true,
        "reverse_id": null,
        "login_required": false,
        "created_by": "root",
        "languages": "en",
        "publication_end_date": null,
        "template": "INHERIT",
        "placeholders": [
            59,
            60,
            61
        ],
        "changed_date": "2015-10-18T15:37:31.545",
        "limit_visibility_in_menu": null,
        "parent": 19,
        "numchild": 0,
        "soft_root": false,
        "is_home": false,
        "publication_date": "2015-10-17T18:23:01.505",
        "creation_date": "2015-10-17T18:23:01.557",
        "publisher_public": 25,
        "application_urls": "ImportApp",
        "changed_by": "root",
        "publisher_is_draft": false,
        "xframe_options": 0,
        "depth": 2,
        "revision_id": 0
    },
    "model": "cms.page",
    "pk": 28
},
{
    "fields": {
        "navigation_extenders": "ExportMenu",
        "site": 1,
        "application_namespace": null,
        "path": "00070007",
        "in_navigation": true,
        "reverse_id": null,
        "login_required": false,
        "created_by": "root",
        "languages": "en",
        "publication_end_date": null,
        "template": "INHERIT",
        "placeholders": [
            62,
            63,
            64
        ],
        "changed_date": "2015-10-17T18:28:02.234",
        "limit_visibility_in_menu": null,
        "parent": 19,
        "numchild": 0,
        "soft_root": false,
        "is_home": false,
        "publication_date": "2015-10-17T18:23:12.367",
        "creation_date": "2015-10-17T18:23:12.405",
        "publisher_public": 26,
        "application_urls": "ExportApp",
        "changed_by": "root",
        "publisher_is_draft": false,
        "xframe_options": 0,
        "depth": 2,
        "revision_id": 0
    },
    "model": "cms.page",
    "pk": 29
},
{
    "fields": {
        "navigation_extenders": "ArtistMenu",
        "site": 1,
        "application_namespace": null,
        "path": "000600030002",
        "in_navigation": true,
        "reverse_id": null,
        "login_required": false,
        "created_by": "root",
        "languages": "en",
        "publication_end_date": null,
        "template": "INHERIT",
        "placeholders": [
            65,
            66,
            67
        ],
        "changed_date": "2015-10-17T18:27:13.228",
        "limit_visibility_in_menu": null,
        "parent": 20,
        "numchild": 0,
        "soft_root": false,
        "is_home": false,
        "publication_date": "2015-10-17T18:27:12.946",
        "creation_date": "2015-10-17T18:26:13.632",
        "publisher_public": 33,
        "application_urls": "ArtistApp",
        "changed_by": "root",
        "publisher_is_draft": true,
        "xframe_options": 0,
        "depth": 3,
        "revision_id": 0
    },
    "model": "cms.page",
    "pk": 30
},
{
    "fields": {
        "navigation_extenders": "LabelMenu",
        "site": 1,
        "application_namespace": null,
        "path": "000600030004",
        "in_navigation": true,
        "reverse_id": null,
        "login_required": false,
        "created_by": "root",
        "languages": "en",
        "publication_end_date": null,
        "template": "INHERIT",
        "placeholders": [
            68,
            69,
            70
        ],
        "changed_date": "2015-10-17T18:27:35.340",
        "limit_visibility_in_menu": null,
        "parent": 20,
        "numchild": 0,
        "soft_root": false,
        "is_home": false,
        "publication_date": "2015-10-17T18:27:32.438",
        "creation_date": "2015-10-17T18:26:30.995",
        "publisher_public": 35,
        "application_urls": "LabelApp",
        "changed_by": "root",
        "publisher_is_draft": true,
        "xframe_options": 0,
        "depth": 3,
        "revision_id": 0
    },
    "model": "cms.page",
    "pk": 31
},
{
    "fields": {
        "navigation_extenders": "MediaMenu",
        "site": 1,
        "application_namespace": null,
        "path": "000600030003",
        "in_navigation": true,
        "reverse_id": null,
        "login_required": false,
        "created_by": "root",
        "languages": "en",
        "publication_end_date": null,
        "template": "INHERIT",
        "placeholders": [
            71,
            72,
            73
        ],
        "changed_date": "2015-10-17T18:27:22.701",
        "limit_visibility_in_menu": null,
        "parent": 20,
        "numchild": 0,
        "soft_root": false,
        "is_home": false,
        "publication_date": "2015-10-17T18:27:21.483",
        "creation_date": "2015-10-17T18:26:45.135",
        "publisher_public": 34,
        "application_urls": "MediaApp",
        "changed_by": "root",
        "publisher_is_draft": true,
        "xframe_options": 0,
        "depth": 3,
        "revision_id": 0
    },
    "model": "cms.page",
    "pk": 32
},
{
    "fields": {
        "navigation_extenders": "ArtistMenu",
        "site": 1,
        "application_namespace": null,
        "path": "000700030002",
        "in_navigation": true,
        "reverse_id": null,
        "login_required": false,
        "created_by": "root",
        "languages": "en",
        "publication_end_date": null,
        "template": "INHERIT",
        "placeholders": [
            74,
            75,
            76
        ],
        "changed_date": "2015-10-17T18:27:13.172",
        "limit_visibility_in_menu": null,
        "parent": 21,
        "numchild": 0,
        "soft_root": false,
        "is_home": false,
        "publication_date": "2015-10-17T18:27:12.946",
        "creation_date": "2015-10-17T18:27:12.974",
        "publisher_public": 30,
        "application_urls": "ArtistApp",
        "changed_by": "root",
        "publisher_is_draft": false,
        "xframe_options": 0,
        "depth": 3,
        "revision_id": 0
    },
    "model": "cms.page",
    "pk": 33
},
{
    "fields": {
        "navigation_extenders": "MediaMenu",
        "site": 1,
        "application_namespace": null,
        "path": "000700030003",
        "in_navigation": true,
        "reverse_id": null,
        "login_required": false,
        "created_by": "root",
        "languages": "en",
        "publication_end_date": null,
        "template": "INHERIT",
        "placeholders": [
            77,
            78,
            79
        ],
        "changed_date": "2015-10-17T18:27:22.359",
        "limit_visibility_in_menu": null,
        "parent": 21,
        "numchild": 0,
        "soft_root": false,
        "is_home": false,
        "publication_date": "2015-10-17T18:27:21.483",
        "creation_date": "2015-10-17T18:27:21.602",
        "publisher_public": 32,
        "application_urls": "MediaApp",
        "changed_by": "root",
        "publisher_is_draft": false,
        "xframe_options": 0,
        "depth": 3,
        "revision_id": 0
    },
    "model": "cms.page",
    "pk": 34
},
{
    "fields": {
        "navigation_extenders": "LabelMenu",
        "site": 1,
        "application_namespace": null,
        "path": "000700030004",
        "in_navigation": true,
        "reverse_id": null,
        "login_required": false,
        "created_by": "root",
        "languages": "en",
        "publication_end_date": null,
        "template": "INHERIT",
        "placeholders": [
            80,
            81,
            82
        ],
        "changed_date": "2015-10-17T18:27:33.368",
        "limit_visibility_in_menu": null,
        "parent": 21,
        "numchild": 0,
        "soft_root": false,
        "is_home": false,
        "publication_date": "2015-10-17T18:27:32.438",
        "creation_date": "2015-10-17T18:27:32.502",
        "publisher_public": 31,
        "application_urls": "LabelApp",
        "changed_by": "root",
        "publisher_is_draft": false,
        "xframe_options": 0,
        "depth": 3,
        "revision_id": 0
    },
    "model": "cms.page",
    "pk": 35
},
{
    "fields": {
        "navigation_extenders": "LicenseMenu",
        "site": 1,
        "application_namespace": null,
        "path": "000E0001",
        "in_navigation": true,
        "reverse_id": null,
        "login_required": false,
        "created_by": "root",
        "languages": "en",
        "publication_end_date": null,
        "template": "INHERIT",
        "placeholders": [
            83,
            84,
            85
        ],
        "changed_date": "2015-10-19T10:12:35.734",
        "limit_visibility_in_menu": null,
        "parent": 46,
        "numchild": 0,
        "soft_root": false,
        "is_home": false,
        "publication_date": "2015-10-17T18:36:59.348",
        "creation_date": "2015-10-17T18:36:40.951",
        "publisher_public": 37,
        "application_urls": "LicenseApp",
        "changed_by": "root",
        "publisher_is_draft": true,
        "xframe_options": 0,
        "depth": 2,
        "revision_id": 0
    },
    "model": "cms.page",
    "pk": 36
},
{
    "fields": {
        "navigation_extenders": "LicenseMenu",
        "site": 1,
        "application_namespace": null,
        "path": "000F0001",
        "in_navigation": true,
        "reverse_id": null,
        "login_required": false,
        "created_by": "root",
        "languages": "en",
        "publication_end_date": null,
        "template": "INHERIT",
        "placeholders": [
            86,
            87,
            88,
            129
        ],
        "changed_date": "2015-10-19T10:12:35.886",
        "limit_visibility_in_menu": null,
        "parent": 47,
        "numchild": 0,
        "soft_root": false,
        "is_home": false,
        "publication_date": "2015-10-17T18:36:59.348",
        "creation_date": "2015-10-17T18:36:59.366",
        "publisher_public": 36,
        "application_urls": "LicenseApp",
        "changed_by": "root",
        "publisher_is_draft": false,
        "xframe_options": 0,
        "depth": 2,
        "revision_id": 0
    },
    "model": "cms.page",
    "pk": 37
},
{
    "fields": {
        "navigation_extenders": "",
        "site": 1,
        "application_namespace": null,
        "path": "0005",
        "in_navigation": true,
        "reverse_id": null,
        "login_required": false,
        "created_by": "root",
        "languages": "en",
        "publication_end_date": null,
        "template": "_templates/layout_a.html",
        "placeholders": [
            89,
            90,
            91,
            132
        ],
        "changed_date": "2015-11-09T16:28:39.250",
        "limit_visibility_in_menu": null,
        "parent": null,
        "numchild": 3,
        "soft_root": false,
        "is_home": false,
        "publication_date": "2015-10-18T12:08:43.599",
        "creation_date": "2015-10-18T12:08:33.605",
        "publisher_public": 39,
        "application_urls": "",
        "changed_by": "root",
        "publisher_is_draft": true,
        "xframe_options": 0,
        "depth": 1,
        "revision_id": 0
    },
    "model": "cms.page",
    "pk": 38
},
{
    "fields": {
        "navigation_extenders": "",
        "site": 1,
        "application_namespace": null,
        "path": "0003",
        "in_navigation": true,
        "reverse_id": null,
        "login_required": false,
        "created_by": "root",
        "languages": "en",
        "publication_end_date": null,
        "template": "_templates/layout_a.html",
        "placeholders": [
            92,
            93,
            94,
            128
        ],
        "changed_date": "2015-11-09T16:28:38.876",
        "limit_visibility_in_menu": null,
        "parent": null,
        "numchild": 3,
        "soft_root": false,
        "is_home": false,
        "publication_date": "2015-10-18T12:08:43.599",
        "creation_date": "2015-10-18T12:08:43.623",
        "publisher_public": 38,
        "application_urls": "",
        "changed_by": "root",
        "publisher_is_draft": false,
        "xframe_options": 0,
        "depth": 1,
        "revision_id": 0
    },
    "model": "cms.page",
    "pk": 39
},
{
    "fields": {
        "navigation_extenders": "ActionMenu",
        "site": 1,
        "application_namespace": null,
        "path": "00050002",
        "in_navigation": true,
        "reverse_id": null,
        "login_required": false,
        "created_by": "root",
        "languages": "en",
        "publication_end_date": null,
        "template": "INHERIT",
        "placeholders": [
            95,
            96,
            97
        ],
        "changed_date": "2015-10-18T12:10:15.893",
        "limit_visibility_in_menu": null,
        "parent": 38,
        "numchild": 0,
        "soft_root": false,
        "is_home": false,
        "publication_date": "2015-10-18T12:10:15.581",
        "creation_date": "2015-10-18T12:09:49.887",
        "publisher_public": 41,
        "application_urls": "ActionApp",
        "changed_by": "root",
        "publisher_is_draft": true,
        "xframe_options": 0,
        "depth": 2,
        "revision_id": 0
    },
    "model": "cms.page",
    "pk": 40
},
{
    "fields": {
        "navigation_extenders": "ActionMenu",
        "site": 1,
        "application_namespace": null,
        "path": "00030002",
        "in_navigation": true,
        "reverse_id": null,
        "login_required": false,
        "created_by": "root",
        "languages": "en",
        "publication_end_date": null,
        "template": "INHERIT",
        "placeholders": [
            98,
            99,
            100
        ],
        "changed_date": "2015-10-18T12:10:15.818",
        "limit_visibility_in_menu": null,
        "parent": 39,
        "numchild": 0,
        "soft_root": false,
        "is_home": false,
        "publication_date": "2015-10-18T12:10:15.581",
        "creation_date": "2015-10-18T12:10:15.599",
        "publisher_public": 40,
        "application_urls": "ActionApp",
        "changed_by": "root",
        "publisher_is_draft": false,
        "xframe_options": 0,
        "depth": 2,
        "revision_id": 0
    },
    "model": "cms.page",
    "pk": 41
},
{
    "fields": {
        "navigation_extenders": "",
        "site": 1,
        "application_namespace": null,
        "path": "000C",
        "in_navigation": true,
        "reverse_id": null,
        "login_required": false,
        "created_by": "root",
        "languages": "en",
        "publication_end_date": null,
        "template": "INHERIT",
        "placeholders": [
            101,
            102,
            103,
            135
        ],
        "changed_date": "2015-11-09T16:29:38.853",
        "limit_visibility_in_menu": null,
        "parent": null,
        "numchild": 1,
        "soft_root": false,
        "is_home": false,
        "publication_date": "2015-10-18T15:09:50.681",
        "creation_date": "2015-10-18T15:09:26.377",
        "publisher_public": 44,
        "application_urls": "",
        "changed_by": "root",
        "publisher_is_draft": true,
        "xframe_options": 0,
        "depth": 1,
        "revision_id": 0
    },
    "model": "cms.page",
    "pk": 42
},
{
    "fields": {
        "navigation_extenders": "SchedulerMenu",
        "site": 1,
        "application_namespace": null,
        "path": "000C0001",
        "in_navigation": true,
        "reverse_id": null,
        "login_required": false,
        "created_by": "root",
        "languages": "en",
        "publication_end_date": null,
        "template": "INHERIT",
        "placeholders": [
            104,
            105,
            106,
            138
        ],
        "changed_date": "2015-11-09T16:29:45.438",
        "limit_visibility_in_menu": null,
        "parent": 42,
        "numchild": 0,
        "soft_root": false,
        "is_home": false,
        "publication_date": "2015-10-18T15:10:01.808",
        "creation_date": "2015-10-18T15:09:39.777",
        "publisher_public": 45,
        "application_urls": "SchedulerApp",
        "changed_by": "root",
        "publisher_is_draft": true,
        "xframe_options": 0,
        "depth": 2,
        "revision_id": 0
    },
    "model": "cms.page",
    "pk": 43
},
{
    "fields": {
        "navigation_extenders": "",
        "site": 1,
        "application_namespace": null,
        "path": "000D",
        "in_navigation": true,
        "reverse_id": null,
        "login_required": false,
        "created_by": "root",
        "languages": "en",
        "publication_end_date": null,
        "template": "INHERIT",
        "placeholders": [
            107,
            108,
            109,
            136
        ],
        "changed_date": "2015-11-09T16:29:38.498",
        "limit_visibility_in_menu": null,
        "parent": null,
        "numchild": 1,
        "soft_root": false,
        "is_home": false,
        "publication_date": "2015-10-18T15:09:50.681",
        "creation_date": "2015-10-18T15:09:50.694",
        "publisher_public": 42,
        "application_urls": "",
        "changed_by": "root",
        "publisher_is_draft": false,
        "xframe_options": 0,
        "depth": 1,
        "revision_id": 0
    },
    "model": "cms.page",
    "pk": 44
},
{
    "fields": {
        "navigation_extenders": "SchedulerMenu",
        "site": 1,
        "application_namespace": null,
        "path": "000D0001",
        "in_navigation": true,
        "reverse_id": null,
        "login_required": false,
        "created_by": "root",
        "languages": "en",
        "publication_end_date": null,
        "template": "INHERIT",
        "placeholders": [
            110,
            111,
            112,
            137
        ],
        "changed_date": "2015-11-09T16:29:45.186",
        "limit_visibility_in_menu": null,
        "parent": 44,
        "numchild": 0,
        "soft_root": false,
        "is_home": false,
        "publication_date": "2015-10-18T15:10:01.808",
        "creation_date": "2015-10-18T15:10:01.818",
        "publisher_public": 43,
        "application_urls": "SchedulerApp",
        "changed_by": "root",
        "publisher_is_draft": false,
        "xframe_options": 0,
        "depth": 2,
        "revision_id": 0
    },
    "model": "cms.page",
    "pk": 45
},
{
    "fields": {
        "navigation_extenders": null,
        "site": 1,
        "application_namespace": null,
        "path": "000E",
        "in_navigation": true,
        "reverse_id": null,
        "login_required": false,
        "created_by": "root",
        "languages": "en",
        "publication_end_date": null,
        "template": "INHERIT",
        "placeholders": [
            113,
            114,
            115
        ],
        "changed_date": "2015-10-19T10:12:31.528",
        "limit_visibility_in_menu": null,
        "parent": null,
        "numchild": 1,
        "soft_root": false,
        "is_home": false,
        "publication_date": "2015-10-19T10:12:30.955",
        "creation_date": "2015-10-19T10:12:24.159",
        "publisher_public": 47,
        "application_urls": null,
        "changed_by": "root",
        "publisher_is_draft": true,
        "xframe_options": 0,
        "depth": 1,
        "revision_id": 0
    },
    "model": "cms.page",
    "pk": 46
},
{
    "fields": {
        "navigation_extenders": null,
        "site": 1,
        "application_namespace": null,
        "path": "000F",
        "in_navigation": true,
        "reverse_id": null,
        "login_required": false,
        "created_by": "root",
        "languages": "en",
        "publication_end_date": null,
        "template": "INHERIT",
        "placeholders": [
            116,
            117,
            118
        ],
        "changed_date": "2015-10-19T10:12:31.287",
        "limit_visibility_in_menu": null,
        "parent": null,
        "numchild": 1,
        "soft_root": false,
        "is_home": false,
        "publication_date": "2015-10-19T10:12:30.955",
        "creation_date": "2015-10-19T10:12:30.975",
        "publisher_public": 46,
        "application_urls": null,
        "changed_by": "root",
        "publisher_is_draft": false,
        "xframe_options": 0,
        "depth": 1,
        "revision_id": 0
    },
    "model": "cms.page",
    "pk": 47
},
{
    "fields": {
        "navigation_extenders": "",
        "site": 1,
        "application_namespace": null,
        "path": "00050003",
        "in_navigation": true,
        "reverse_id": null,
        "login_required": false,
        "created_by": "root",
        "languages": "en",
        "publication_end_date": null,
        "template": "INHERIT",
        "placeholders": [
            122,
            123,
            124
        ],
        "changed_date": "2015-10-22T17:10:56.461",
        "limit_visibility_in_menu": null,
        "parent": 38,
        "numchild": 0,
        "soft_root": false,
        "is_home": false,
        "publication_date": "2015-10-22T17:10:56.111",
        "creation_date": "2015-10-22T17:10:26.777",
        "publisher_public": 49,
        "application_urls": "StationApp",
        "changed_by": "root",
        "publisher_is_draft": true,
        "xframe_options": 0,
        "depth": 2,
        "revision_id": 0
    },
    "model": "cms.page",
    "pk": 48
},
{
    "fields": {
        "navigation_extenders": "",
        "site": 1,
        "application_namespace": null,
        "path": "00030003",
        "in_navigation": true,
        "reverse_id": null,
        "login_required": false,
        "created_by": "root",
        "languages": "en",
        "publication_end_date": null,
        "template": "INHERIT",
        "placeholders": [
            125,
            126,
            127
        ],
        "changed_date": "2015-10-22T17:10:56.291",
        "limit_visibility_in_menu": null,
        "parent": 39,
        "numchild": 0,
        "soft_root": false,
        "is_home": false,
        "publication_date": "2015-10-22T17:10:56.111",
        "creation_date": "2015-10-22T17:10:56.130",
        "publisher_public": 48,
        "application_urls": "StationApp",
        "changed_by": "root",
        "publisher_is_draft": false,
        "xframe_options": 0,
        "depth": 2,
        "revision_id": 0
    },
    "model": "cms.page",
    "pk": 49
},
{
    "fields": {
        "menu_title": "",
        "meta_description": "",
        "page_title": "",
        "language": "en",
        "title": "Home",
        "has_url_overwrite": false,
        "redirect": null,
        "publisher_is_draft": true,
        "page": 9,
        "published": true,
        "path": "",
        "publisher_state": 0,
        "creation_date": "2015-10-17T17:31:00.147",
        "slug": "home",
        "publisher_public": 2
    },
    "model": "cms.title",
    "pk": 1
},
{
    "fields": {
        "menu_title": "",
        "meta_description": "",
        "page_title": "",
        "language": "en",
        "title": "Home",
        "has_url_overwrite": false,
        "redirect": null,
        "publisher_is_draft": false,
        "page": 10,
        "published": true,
        "path": "",
        "publisher_state": 0,
        "creation_date": "2015-10-17T17:31:00.147",
        "slug": "home",
        "publisher_public": 1
    },
    "model": "cms.title",
    "pk": 2
},
{
    "fields": {
        "menu_title": "",
        "meta_description": "",
        "page_title": "",
        "language": "en",
        "title": "Users",
        "has_url_overwrite": false,
        "redirect": "",
        "publisher_is_draft": true,
        "page": 11,
        "published": true,
        "path": "network/users",
        "publisher_state": 0,
        "creation_date": "2015-10-17T17:31:33.056",
        "slug": "users",
        "publisher_public": 9
    },
    "model": "cms.title",
    "pk": 3
},
{
    "fields": {
        "menu_title": "",
        "meta_description": "",
        "page_title": "",
        "language": "en",
        "title": "Users",
        "has_url_overwrite": false,
        "redirect": "",
        "publisher_is_draft": false,
        "page": 17,
        "published": true,
        "path": "network/users",
        "publisher_state": 0,
        "creation_date": "2015-10-17T17:31:33.056",
        "slug": "users",
        "publisher_public": 3
    },
    "model": "cms.title",
    "pk": 9
},
{
    "fields": {
        "menu_title": "",
        "meta_description": "",
        "page_title": "",
        "language": "en",
        "title": "Content",
        "has_url_overwrite": false,
        "redirect": "/content/library/",
        "publisher_is_draft": true,
        "page": 18,
        "published": true,
        "path": "content",
        "publisher_state": 0,
        "creation_date": "2015-10-17T18:00:24.423",
        "slug": "content",
        "publisher_public": 11
    },
    "model": "cms.title",
    "pk": 10
},
{
    "fields": {
        "menu_title": "",
        "meta_description": "",
        "page_title": "",
        "language": "en",
        "title": "Content",
        "has_url_overwrite": false,
        "redirect": "/content/library/",
        "publisher_is_draft": false,
        "page": 19,
        "published": true,
        "path": "content",
        "publisher_state": 0,
        "creation_date": "2015-10-17T18:00:24.423",
        "slug": "content",
        "publisher_public": 10
    },
    "model": "cms.title",
    "pk": 11
},
{
    "fields": {
        "menu_title": "",
        "meta_description": "",
        "page_title": "",
        "language": "en",
        "title": "Library",
        "has_url_overwrite": false,
        "redirect": "/content/library/releases/",
        "publisher_is_draft": true,
        "page": 20,
        "published": true,
        "path": "content/library",
        "publisher_state": 0,
        "creation_date": "2015-10-17T18:01:14.046",
        "slug": "library",
        "publisher_public": 13
    },
    "model": "cms.title",
    "pk": 12
},
{
    "fields": {
        "menu_title": "",
        "meta_description": "",
        "page_title": "",
        "language": "en",
        "title": "Library",
        "has_url_overwrite": false,
        "redirect": "/content/library/releases/",
        "publisher_is_draft": false,
        "page": 21,
        "published": true,
        "path": "content/library",
        "publisher_state": 0,
        "creation_date": "2015-10-17T18:01:14.046",
        "slug": "library",
        "publisher_public": 12
    },
    "model": "cms.title",
    "pk": 13
},
{
    "fields": {
        "menu_title": "",
        "meta_description": "",
        "page_title": "",
        "language": "en",
        "title": "Releases",
        "has_url_overwrite": false,
        "redirect": "",
        "publisher_is_draft": true,
        "page": 22,
        "published": true,
        "path": "content/library/releases",
        "publisher_state": 0,
        "creation_date": "2015-10-17T18:01:51.421",
        "slug": "releases",
        "publisher_public": 15
    },
    "model": "cms.title",
    "pk": 14
},
{
    "fields": {
        "menu_title": "",
        "meta_description": "",
        "page_title": "",
        "language": "en",
        "title": "Releases",
        "has_url_overwrite": false,
        "redirect": "",
        "publisher_is_draft": false,
        "page": 23,
        "published": true,
        "path": "content/library/releases",
        "publisher_state": 0,
        "creation_date": "2015-10-17T18:01:51.421",
        "slug": "releases",
        "publisher_public": 14
    },
    "model": "cms.title",
    "pk": 15
},
{
    "fields": {
        "menu_title": "",
        "meta_description": "",
        "page_title": "",
        "language": "en",
        "title": "Playlists",
        "has_url_overwrite": false,
        "redirect": "",
        "publisher_is_draft": true,
        "page": 24,
        "published": true,
        "path": "content/playlists",
        "publisher_state": 0,
        "creation_date": "2015-10-17T18:20:43.259",
        "slug": "playlists",
        "publisher_public": 19
    },
    "model": "cms.title",
    "pk": 16
},
{
    "fields": {
        "menu_title": "",
        "meta_description": "",
        "page_title": "",
        "language": "en",
        "title": "Upload",
        "has_url_overwrite": false,
        "redirect": "",
        "publisher_is_draft": true,
        "page": 25,
        "published": true,
        "path": "content/upload",
        "publisher_state": 0,
        "creation_date": "2015-10-17T18:21:09.686",
        "slug": "upload",
        "publisher_public": 20
    },
    "model": "cms.title",
    "pk": 17
},
{
    "fields": {
        "menu_title": "",
        "meta_description": "",
        "page_title": "",
        "language": "en",
        "title": "Download",
        "has_url_overwrite": false,
        "redirect": "",
        "publisher_is_draft": true,
        "page": 26,
        "published": true,
        "path": "content/download",
        "publisher_state": 0,
        "creation_date": "2015-10-17T18:21:38.169",
        "slug": "download",
        "publisher_public": 21
    },
    "model": "cms.title",
    "pk": 18
},
{
    "fields": {
        "menu_title": "",
        "meta_description": "",
        "page_title": "",
        "language": "en",
        "title": "Playlists",
        "has_url_overwrite": false,
        "redirect": "",
        "publisher_is_draft": false,
        "page": 27,
        "published": true,
        "path": "content/playlists",
        "publisher_state": 0,
        "creation_date": "2015-10-17T18:20:43.259",
        "slug": "playlists",
        "publisher_public": 16
    },
    "model": "cms.title",
    "pk": 19
},
{
    "fields": {
        "menu_title": "",
        "meta_description": "",
        "page_title": "",
        "language": "en",
        "title": "Upload",
        "has_url_overwrite": false,
        "redirect": "",
        "publisher_is_draft": false,
        "page": 28,
        "published": true,
        "path": "content/upload",
        "publisher_state": 0,
        "creation_date": "2015-10-17T18:21:09.686",
        "slug": "upload",
        "publisher_public": 17
    },
    "model": "cms.title",
    "pk": 20
},
{
    "fields": {
        "menu_title": "",
        "meta_description": "",
        "page_title": "",
        "language": "en",
        "title": "Download",
        "has_url_overwrite": false,
        "redirect": "",
        "publisher_is_draft": false,
        "page": 29,
        "published": true,
        "path": "content/download",
        "publisher_state": 0,
        "creation_date": "2015-10-17T18:21:38.169",
        "slug": "download",
        "publisher_public": 18
    },
    "model": "cms.title",
    "pk": 21
},
{
    "fields": {
        "menu_title": "",
        "meta_description": "",
        "page_title": "",
        "language": "en",
        "title": "Artists",
        "has_url_overwrite": false,
        "redirect": "",
        "publisher_is_draft": true,
        "page": 30,
        "published": true,
        "path": "content/library/artists",
        "publisher_state": 0,
        "creation_date": "2015-10-17T18:26:13.777",
        "slug": "artists",
        "publisher_public": 25
    },
    "model": "cms.title",
    "pk": 22
},
{
    "fields": {
        "menu_title": "",
        "meta_description": "",
        "page_title": "",
        "language": "en",
        "title": "Labels",
        "has_url_overwrite": false,
        "redirect": "",
        "publisher_is_draft": true,
        "page": 31,
        "published": true,
        "path": "content/library/labels",
        "publisher_state": 0,
        "creation_date": "2015-10-17T18:26:31.197",
        "slug": "labels",
        "publisher_public": 27
    },
    "model": "cms.title",
    "pk": 23
},
{
    "fields": {
        "menu_title": "",
        "meta_description": "",
        "page_title": "",
        "language": "en",
        "title": "Tracks",
        "has_url_overwrite": false,
        "redirect": "",
        "publisher_is_draft": true,
        "page": 32,
        "published": true,
        "path": "content/library/tracks",
        "publisher_state": 0,
        "creation_date": "2015-10-17T18:26:45.278",
        "slug": "tracks",
        "publisher_public": 26
    },
    "model": "cms.title",
    "pk": 24
},
{
    "fields": {
        "menu_title": "",
        "meta_description": "",
        "page_title": "",
        "language": "en",
        "title": "Artists",
        "has_url_overwrite": false,
        "redirect": "",
        "publisher_is_draft": false,
        "page": 33,
        "published": true,
        "path": "content/library/artists",
        "publisher_state": 0,
        "creation_date": "2015-10-17T18:26:13.777",
        "slug": "artists",
        "publisher_public": 22
    },
    "model": "cms.title",
    "pk": 25
},
{
    "fields": {
        "menu_title": "",
        "meta_description": "",
        "page_title": "",
        "language": "en",
        "title": "Tracks",
        "has_url_overwrite": false,
        "redirect": "",
        "publisher_is_draft": false,
        "page": 34,
        "published": true,
        "path": "content/library/tracks",
        "publisher_state": 0,
        "creation_date": "2015-10-17T18:26:45.278",
        "slug": "tracks",
        "publisher_public": 24
    },
    "model": "cms.title",
    "pk": 26
},
{
    "fields": {
        "menu_title": "",
        "meta_description": "",
        "page_title": "",
        "language": "en",
        "title": "Labels",
        "has_url_overwrite": false,
        "redirect": "",
        "publisher_is_draft": false,
        "page": 35,
        "published": true,
        "path": "content/library/labels",
        "publisher_state": 0,
        "creation_date": "2015-10-17T18:26:31.197",
        "slug": "labels",
        "publisher_public": 23
    },
    "model": "cms.title",
    "pk": 27
},
{
    "fields": {
        "menu_title": "",
        "meta_description": "",
        "page_title": "",
        "language": "en",
        "title": "Licenses",
        "has_url_overwrite": false,
        "redirect": "",
        "publisher_is_draft": true,
        "page": 36,
        "published": true,
        "path": "about/licenses",
        "publisher_state": 0,
        "creation_date": "2015-10-17T18:36:41.131",
        "slug": "licenses",
        "publisher_public": 29
    },
    "model": "cms.title",
    "pk": 28
},
{
    "fields": {
        "menu_title": "",
        "meta_description": "",
        "page_title": "",
        "language": "en",
        "title": "Licenses",
        "has_url_overwrite": false,
        "redirect": "",
        "publisher_is_draft": false,
        "page": 37,
        "published": true,
        "path": "about/licenses",
        "publisher_state": 0,
        "creation_date": "2015-10-17T18:36:41.131",
        "slug": "licenses",
        "publisher_public": 28
    },
    "model": "cms.title",
    "pk": 29
},
{
    "fields": {
        "menu_title": "",
        "meta_description": "",
        "page_title": "",
        "language": "en",
        "title": "Network",
        "has_url_overwrite": false,
        "redirect": "/network/users/",
        "publisher_is_draft": true,
        "page": 38,
        "published": true,
        "path": "network",
        "publisher_state": 0,
        "creation_date": "2015-10-18T12:08:33.968",
        "slug": "network",
        "publisher_public": 31
    },
    "model": "cms.title",
    "pk": 30
},
{
    "fields": {
        "menu_title": "",
        "meta_description": "",
        "page_title": "",
        "language": "en",
        "title": "Network",
        "has_url_overwrite": false,
        "redirect": "/network/users/",
        "publisher_is_draft": false,
        "page": 39,
        "published": true,
        "path": "network",
        "publisher_state": 0,
        "creation_date": "2015-10-18T12:08:33.968",
        "slug": "network",
        "publisher_public": 30
    },
    "model": "cms.title",
    "pk": 31
},
{
    "fields": {
        "menu_title": "",
        "meta_description": "",
        "page_title": "",
        "language": "en",
        "title": "Activities",
        "has_url_overwrite": false,
        "redirect": "",
        "publisher_is_draft": true,
        "page": 40,
        "published": true,
        "path": "network/activity",
        "publisher_state": 0,
        "creation_date": "2015-10-18T12:09:50.011",
        "slug": "activity",
        "publisher_public": 33
    },
    "model": "cms.title",
    "pk": 32
},
{
    "fields": {
        "menu_title": "",
        "meta_description": "",
        "page_title": "",
        "language": "en",
        "title": "Activities",
        "has_url_overwrite": false,
        "redirect": "",
        "publisher_is_draft": false,
        "page": 41,
        "published": true,
        "path": "network/activity",
        "publisher_state": 0,
        "creation_date": "2015-10-18T12:09:50.011",
        "slug": "activity",
        "publisher_public": 32
    },
    "model": "cms.title",
    "pk": 33
},
{
    "fields": {
        "menu_title": "",
        "meta_description": "",
        "page_title": "",
        "language": "en",
        "title": "Program",
        "has_url_overwrite": false,
        "redirect": "/program/scheduler/",
        "publisher_is_draft": true,
        "page": 42,
        "published": true,
        "path": "program",
        "publisher_state": 0,
        "creation_date": "2015-10-18T15:09:26.662",
        "slug": "program",
        "publisher_public": 36
    },
    "model": "cms.title",
    "pk": 34
},
{
    "fields": {
        "menu_title": "",
        "meta_description": "",
        "page_title": "",
        "language": "en",
        "title": "Scheduler",
        "has_url_overwrite": false,
        "redirect": "",
        "publisher_is_draft": true,
        "page": 43,
        "published": true,
        "path": "program/scheduler",
        "publisher_state": 0,
        "creation_date": "2015-10-18T15:09:39.902",
        "slug": "scheduler",
        "publisher_public": 37
    },
    "model": "cms.title",
    "pk": 35
},
{
    "fields": {
        "menu_title": "",
        "meta_description": "",
        "page_title": "",
        "language": "en",
        "title": "Program",
        "has_url_overwrite": false,
        "redirect": "/program/scheduler/",
        "publisher_is_draft": false,
        "page": 44,
        "published": true,
        "path": "program",
        "publisher_state": 0,
        "creation_date": "2015-10-18T15:09:26.662",
        "slug": "program",
        "publisher_public": 34
    },
    "model": "cms.title",
    "pk": 36
},
{
    "fields": {
        "menu_title": "",
        "meta_description": "",
        "page_title": "",
        "language": "en",
        "title": "Scheduler",
        "has_url_overwrite": false,
        "redirect": "",
        "publisher_is_draft": false,
        "page": 45,
        "published": true,
        "path": "program/scheduler",
        "publisher_state": 0,
        "creation_date": "2015-10-18T15:09:39.902",
        "slug": "scheduler",
        "publisher_public": 35
    },
    "model": "cms.title",
    "pk": 37
},
{
    "fields": {
        "menu_title": "",
        "meta_description": "",
        "page_title": "",
        "language": "en",
        "title": "About",
        "has_url_overwrite": false,
        "redirect": null,
        "publisher_is_draft": true,
        "page": 46,
        "published": true,
        "path": "about",
        "publisher_state": 0,
        "creation_date": "2015-10-19T10:12:24.276",
        "slug": "about",
        "publisher_public": 39
    },
    "model": "cms.title",
    "pk": 38
},
{
    "fields": {
        "menu_title": "",
        "meta_description": "",
        "page_title": "",
        "language": "en",
        "title": "About",
        "has_url_overwrite": false,
        "redirect": null,
        "publisher_is_draft": false,
        "page": 47,
        "published": true,
        "path": "about",
        "publisher_state": 0,
        "creation_date": "2015-10-19T10:12:24.276",
        "slug": "about",
        "publisher_public": 38
    },
    "model": "cms.title",
    "pk": 39
},
{
    "fields": {
        "menu_title": "",
        "meta_description": "",
        "page_title": "",
        "language": "en",
        "title": "Stations",
        "has_url_overwrite": false,
        "redirect": "",
        "publisher_is_draft": true,
        "page": 48,
        "published": true,
        "path": "network/stations",
        "publisher_state": 0,
        "creation_date": "2015-10-22T17:10:26.937",
        "slug": "stations",
        "publisher_public": 41
    },
    "model": "cms.title",
    "pk": 40
},
{
    "fields": {
        "menu_title": "",
        "meta_description": "",
        "page_title": "",
        "language": "en",
        "title": "Stations",
        "has_url_overwrite": false,
        "redirect": "",
        "publisher_is_draft": false,
        "page": 49,
        "published": true,
        "path": "network/stations",
        "publisher_state": 0,
        "creation_date": "2015-10-22T17:10:26.937",
        "slug": "stations",
        "publisher_public": 40
    },
    "model": "cms.title",
    "pk": 41
}
]
